{
    "centerRough" : {"latDec" : 35.7658504, "longDec" : -79.1890412, "z" : 19.17}
}